,N,CODIGO IIBT,ID DEL ANIMAL ,ESPECIE,SEXO,MESES,EDAD MESES (1= (0-12); 2= (13-36); 3= (37-72); 4= (73-108); 5= (>109); 0= NI,MUNICIPIO,DIRECCIÓN,BARRIO,COMUNA/BARRIO/MUNICIPIO,RESULTADO PCR,Conteo,lat,lon
0,1,D01,TOM,FELINO,M,3,1,SAHAGÚN,NR,NR,SAHAGÚN,NEGATIVO,1,8.9472964,-75.4434972
1,2,D02,MARIA PAULA,FELINO,H,48,3,SAHAGÚN,NR,NR,SAHAGÚN,NEGATIVO,1,8.9472964,-75.4434972
2,3,D03,ALEJANDRA,FELINO,H,3,1,SAHAGÚN,NR,NR,SAHAGÚN,NEGATIVO,1,8.9472964,-75.4434972
3,4,D04,CHARLOTE,FELINO,H,132,5,SAHAGÚN,NR,NR,SAHAGÚN,NEGATIVO,1,8.9472964,-75.4434972
4,5,D05,GATO 12,FELINO,H,6,1,SAHAGÚN,NR,NR,SAHAGÚN,NEGATIVO,1,8.9472964,-75.4434972
5,6,D06,GATO 13,FELINO,H,8,1,SAHAGÚN,NR,NR,SAHAGÚN,NEGATIVO,1,8.9472964,-75.4434972
6,7,D07,GATO 14,FELINO,M,NR,0,SAHAGÚN,NR,NR,SAHAGÚN,NEGATIVO,1,8.9472964,-75.4434972
7,8,D08,PERRO 15,CANINO,M,NR,0,SAHAGÚN,NR,NR,SAHAGÚN,NEGATIVO,1,8.9472964,-75.4434972
8,9,D09,GATO 16,FELINO,H,36,2,SAHAGÚN,NR,NR,SAHAGÚN,NEGATIVO,1,8.9472964,-75.4434972
9,10,D10,ROCKY,CANINO,M,4,1,SAHAGÚN,NR,NR,SAHAGÚN,NEGATIVO,1,8.9472964,-75.4434972
10,11,D11,PELUSA,FELINO,H,3,1,SAHAGÚN,NR,NR,SAHAGÚN,NEGATIVO,1,8.9472964,-75.4434972
11,12,D12,TONTIN,FELINO,M,72,3,SAHAGÚN,NR,NR,SAHAGÚN,NEGATIVO,1,8.9472964,-75.4434972
12,13,D13,CHARLY,FELINO,M,9,1,SAHAGÚN,NR,NR,SAHAGÚN,NEGATIVO,1,8.9472964,-75.4434972
13,14,D14,NEEKO,FELINO,M,12,1,SAHAGÚN,NR,NR,SAHAGÚN,NEGATIVO,1,8.9472964,-75.4434972
14,15,D15,MISIFU,FELINO,M,8,1,SAHAGÚN,NR,NR,SAHAGÚN,NEGATIVO,1,8.9472964,-75.4434972
15,16,D16,MONO,FELINO,M,1,1,SAHAGÚN,NR,NR,SAHAGÚN,NEGATIVO,1,8.9472964,-75.4434972
16,17,D17,NANKO,CANINO,M,12,1,SAHAGÚN,NR,NR,SAHAGÚN,NEGATIVO,1,8.9472964,-75.4434972
17,18,D18,CATALINA,FELINO,H,4,1,SAHAGÚN,NR,NR,SAHAGÚN,NEGATIVO,1,8.9472964,-75.4434972
18,19,D19,GLORIA,FELINO,H,48,3,SAHAGÚN,NR,NR,SAHAGÚN,NEGATIVO,1,8.9472964,-75.4434972
19,20,D20,JANSEL,FELINO,H,5,1,SAHAGÚN,NR,NR,SAHAGÚN,NEGATIVO,1,8.9472964,-75.4434972
20,21,D21,KRATOS,FELINO,M,9,1,SAHAGÚN,NR,NR,SAHAGÚN,NEGATIVO,1,8.9472964,-75.4434972
21,22,D22,STEVE JOBS,CANINO,M,60,3,SAHAGÚN,NR,NR,SAHAGÚN,NEGATIVO,1,8.9472964,-75.4434972
22,23,D23,PELUSA,FELINO,M,24,2,SAHAGÚN,NR,NR,SAHAGÚN,NEGATIVO,1,8.9472964,-75.4434972
23,24,D24,BRUNO,CANINO,M,6,1,SAHAGÚN,NR,NR,SAHAGÚN,NEGATIVO,1,8.9472964,-75.4434972
24,25,D25,SR GATO,FELINO,M,6,1,SAHAGÚN,NR,NR,SAHAGÚN,NEGATIVO,1,8.9472964,-75.4434972
25,26,D26,PRECIOSA,FELINO,H,36,2,SAHAGÚN,NR,NR,SAHAGÚN,NEGATIVO,1,8.9472964,-75.4434972
26,27,D27,COKY,FELINO,M,36,2,SAHAGÚN,NR,NR,SAHAGÚN,NEGATIVO,1,8.9472964,-75.4434972
27,28,D28,ATENEA,FELINO,H,3,1,SAHAGÚN,NR,NR,SAHAGÚN,NEGATIVO,1,8.9472964,-75.4434972
28,29,D29,LILIAN,FELINO,H,4,1,SAHAGÚN,NR,NR,SAHAGÚN,NEGATIVO,1,8.9472964,-75.4434972
29,30,DM1,GATO40,FELINO,M,NR,0,MONTELIBANO,NR,MERCADO,MERCADO,NEGATIVO,1,7.9800534,-75.4167198
30,31,DM2,GATO41,FELINO,H,NR,0,MONTELIBANO,NR,MERCADO,MERCADO,NEGATIVO,1,7.9800534,-75.4167198
31,32,DM3,DOG42,CANINO,M,NR,0,MONTELIBANO,NR,MERCADO,MERCADO,NEGATIVO,1,7.9800534,-75.4167198
32,33,DM4,CAT43,FELINO,H,12,1,MONTELIBANO,NR,MERCADO,MERCADO,NEGATIVO,1,7.9800534,-75.4167198
33,34,DM5,CAT44,FELINO,M,10,1,MONTELIBANO,NR,MERCADO,MERCADO,NEGATIVO,1,7.9800534,-75.4167198
34,35,DM6,CAT39,FELINO,H,8,1,MONTELIBANO,NR,TERMINAL,TERMINAL,NEGATIVO,1,7.9800534,-75.4167198
35,36,DM7,CAT50,FELINO,H,12,1,MONTELIBANO,NR,CAMINO CORRECTO,CAMINO CORRECTO,NEGATIVO,1,7.9800534,-75.4167198
36,37,DM8,DOG51,CANINO,M,4,1,MONTELIBANO,NR,CAMINO CORRECTO,CAMINO CORRECTO,NEGATIVO,1,7.9800534,-75.4167198
37,38,DM9,CAT52,FELINO,M,12,1,MONTELIBANO,NR,CAMINO CORRECTO,CAMINO CORRECTO,NEGATIVO,1,7.9800534,-75.4167198
38,39,DM10,NUCITA,CANINO,H,3,1,MONTELIBANO,NR,CAMINO CORRECTO,CAMINO CORRECTO,NEGATIVO,1,7.9800534,-75.4167198
39,40,DM11,CAT54,FELINO,M,24,2,MONTELIBANO,NR,CAMINO CORRECTO,CAMINO CORRECTO,NEGATIVO,1,7.9800534,-75.4167198
40,41,DM12,CAT55,FELINO,H,24,2,MONTELIBANO,NR,CAMINO CORRECTO,CAMINO CORRECTO,NEGATIVO,1,7.9800534,-75.4167198
41,42,DM13,CAT56,FELINO,H,6,1,MONTELIBANO,NR,CAMINO CORRECTO,CAMINO CORRECTO,NEGATIVO,1,7.9800534,-75.4167198
42,43,DL01,KATTY,CANINO,H ,216,5,LORICA,NR,SAN PEDRO ,SAN PEDRO ,NEGATIVO,1,9.2394583,-75.8139786
43,44,DL02,JERRY ,FELINO,M,24,2,LORICA,NR,SAN PEDRO ,SAN PEDRO ,NEGATIVO,1,9.2394583,-75.8139786
44,45,DL03,JUNIOR ,CANINO,M ,48,3,LORICA,NR,SAN PEDRO ,SAN PEDRO ,NEGATIVO,1,9.2394583,-75.8139786
45,46,DL04,ESTRELLITA ,FELINO,H,24,2,LORICA,NR,SAN PEDRO ,SAN PEDRO ,NEGATIVO,1,9.2394583,-75.8139786
46,47,DL05,LOLA ,FELINO,H,7,1,LORICA,NR,SAN PEDRO ,SAN PEDRO ,NEGATIVO,1,9.2394583,-75.8139786
47,48,DL06,ABBYE ,CANINO,H,24,2,LORICA,NR,SAN PEDRO ,SAN PEDRO ,NEGATIVO,1,9.2394583,-75.8139786
48,49,DL07,CALLEJERO ,FELINO,M,36,2,LORICA,NR,SAN PEDRO ,SAN PEDRO ,NEGATIVO,1,9.2394583,-75.8139786
49,50,DL08,MONO ,FELINO,M ,36,2,LORICA,NR,SAN PEDRO ,SAN PEDRO ,NEGATIVO,1,9.2394583,-75.8139786
50,51,DL09,LOLA ,FELINO,H ,24,2,LORICA,NR,SAN PEDRO ,SAN PEDRO ,NEGATIVO,1,9.2394583,-75.8139786
51,52,DL10,TOBIAS ,CANINO,M,48,3,LORICA,NR,SAN PEDRO ,SAN PEDRO ,NEGATIVO,1,9.2394583,-75.8139786
52,53,DL11,PEPITA ,FELINO,H ,4,1,LORICA,NR,EL PARAISO,EL PARAISO,NEGATIVO,1,9.2394583,-75.8139786
53,54,DL12,ESTRELLA ,CANINO,H,36,2,LORICA,NR,EL PARAISO,EL PARAISO,NEGATIVO,1,9.2394583,-75.8139786
54,55,DL13,MONO ,FELINO,M,24,2,LORICA,NR,EL PARAISO,EL PARAISO,NEGATIVO,1,9.2394583,-75.8139786
55,56,DL14,PANCHITO,FELINO,M,3,1,LORICA,NR,PARQUE ,PARQUE ,NEGATIVO,1,9.2394583,-75.8139786
56,57,DL15,MIRRINGO ,FELINO,M,36,2,LORICA,NR,PARQUE ,PARQUE ,NEGATIVO,1,9.2394583,-75.8139786
57,58,DL16,COVID ,CANINO,M ,7,1,LORICA,NR,PARQUE ,PARQUE ,NEGATIVO,1,9.2394583,-75.8139786
58,59,DL17,SIMON ,FELINO,M,12,1,LORICA,NR,PARQUE ,PARQUE ,NEGATIVO,1,9.2394583,-75.8139786
59,60,DL18,BERENA ,FELINO,H,1,1,LORICA,NR,PARQUE ,PARQUE ,NEGATIVO,1,9.2394583,-75.8139786
60,61,DL19,CRISTIANO ,FELINO,M ,12,1,LORICA,NR,PARQUE ,PARQUE ,NEGATIVO,1,9.2394583,-75.8139786
61,62,DL20,JUNIOR ,CANINO,M ,84,4,LORICA,NR,PARQUE ,PARQUE ,NEGATIVO,1,9.2394583,-75.8139786
62,63,DL21,MANCHIS ,FELINO,H,84,4,LORICA,NR,PARQUE ,PARQUE ,NEGATIVO,1,9.2394583,-75.8139786
63,64,DL22,PORKY ,FELINO,M,9,1,LORICA,NR,PARQUE ,PARQUE ,NEGATIVO,1,9.2394583,-75.8139786
64,65,DL23,SAFIRA ,CANINO,H ,72,3,LORICA,NR,PARQUE ,PARQUE ,NEGATIVO,1,9.2394583,-75.8139786
65,66,DL24,DONNA ,CANINO,H,60,3,LORICA,NR,PARQUE ,PARQUE ,NEGATIVO,1,9.2394583,-75.8139786
66,67,DL25,NEGRO ,FELINO,M,7,1,LORICA,NR,PARQUE ,PARQUE ,NEGATIVO,1,9.2394583,-75.8139786
67,68,TD 1,CAT 1,FELINO,H,12,1,TIERRALTA ,NR,EL PARAISO,EL PARAISO,NEGATIVO,1,8.1717342,-76.059376
68,69,TD 2,CAT 2 ,FELINO,H ,36,2,TIERRALTA ,NR,EL PARAISO,EL PARAISO,NEGATIVO,1,8.1717342,-76.059376
69,70,TD 3 ,CAT 3 ,FELINO,M ,48,3,TIERRALTA ,NR,EL PARAISO,EL PARAISO,NEGATIVO,1,8.1717342,-76.059376
70,71,TD 4,CAT 4 ,FELINO,M ,5,1,TIERRALTA ,NR,EL PARAISO,EL PARAISO,NEGATIVO,1,8.1717342,-76.059376
71,72,TD 5,CAT 5 ,FELINO,M,48,3,TIERRALTA ,NR,EL PARAISO,EL PARAISO,NEGATIVO,1,8.1717342,-76.059376
72,73,TD 6,CAT 6 ,FELINO,H ,48,3,TIERRALTA ,NR,EL PARAISO,EL PARAISO,NEGATIVO,1,8.1717342,-76.059376
73,74,TD 7,CAT 7 ,FELINO,H ,48,3,TIERRALTA ,NR,EL PARAISO,EL PARAISO,NEGATIVO,1,8.1717342,-76.059376
74,75,TD 8,CAT 8 ,FELINO,M ,12,1,TIERRALTA ,NR,EL PARAISO,EL PARAISO,NEGATIVO,1,8.1717342,-76.059376
75,76,TD 9,CAT 9 ,FELINO,M ,24,2,TIERRALTA ,NR,EL PARAISO,EL PARAISO,NEGATIVO,1,8.1717342,-76.059376
76,77,TD 10,CAT 20,FELINO,H ,12,1,TIERRALTA ,NR,EL PARAISO,EL PARAISO,NEGATIVO,1,8.1717342,-76.059376
77,78,TD 11 ,CAT 21,FELINO,M ,24,2,TIERRALTA ,NR,EL PARAISO,EL PARAISO,NEGATIVO,1,8.1717342,-76.059376
78,79,TD 12,CAT 22 ,FELINO,M ,4,1,TIERRALTA ,NR,EL PARAISO,EL PARAISO,NEGATIVO,1,8.1717342,-76.059376
79,80,TD 13,CAT 23,FELINO,M ,24,2,TIERRALTA ,NR,EL PARAISO,EL PARAISO,NEGATIVO,1,8.1717342,-76.059376
80,81,TD 14 ,TERCERO ,FELINO,M,60,3,TIERRALTA ,NR,MERCADO,MERCADO,NEGATIVO,1,8.1717342,-76.059376
81,82,TD 15,MONI ,FELINO,M ,3,1,TIERRALTA ,NR,MERCADO,MERCADO,NEGATIVO,1,8.1717342,-76.059376
82,83,TD 16 ,SALEM ,FELINO,M,12,1,TIERRALTA ,NR,MERCADO,MERCADO,NEGATIVO,1,8.1717342,-76.059376
83,84,TD 17 ,CAT 13 ,FELINO,M,NR,0,TIERRALTA ,NR,MERCADO,MERCADO,NEGATIVO,1,8.1717342,-76.059376
84,85,TD 18,PEPO ,FELINO,M,72,3,TIERRALTA ,NR,MERCADO,MERCADO,NEGATIVO,1,8.1717342,-76.059376
85,86,TD 19,GATO 15 ,FELINO,NR,1,1,TIERRALTA ,NR,MERCADO,MERCADO,NEGATIVO,1,8.1717342,-76.059376
86,87,TD 20 ,GATO 16 ,FELINO,NR,84,4,TIERRALTA ,NR,MERCADO,MERCADO,NEGATIVO,1,8.1717342,-76.059376
87,88,TD 21 ,GATO 17 ,FELINO,H ,4,1,TIERRALTA ,NR,MERCADO,MERCADO,NEGATIVO,1,8.1717342,-76.059376
88,89,TD 22 ,GATO 18 ,FELINO,M ,12,1,TIERRALTA ,NR,MERCADO,MERCADO,NEGATIVO,1,8.1717342,-76.059376
89,90,TD 23 ,GATO 19 ,FELINO,NR,NR,0,TIERRALTA ,NR,MERCADO,MERCADO,NEGATIVO,1,8.1717342,-76.059376
90,91,PD 1,JERRY ,FELINO,M,12,1,PLANETA RICA,CALLE 19 N13-38,NR,PLANETA RICA,NEGATIVO,1,8.4076739,-75.5840456
91,92,PD 2,MICHIGAN,FELINO,M,6,1,PLANETA RICA,CRA.4 N11-55 ,GONZALO MEJIA,GONZALO MEJIA,NEGATIVO,1,8.4076739,-75.5840456
92,93,PD 3,PACO,FELINO,M,12,1,PLANETA RICA,CRA.4 N11-55 ,GONZALO MEJIA,GONZALO MEJIA,NEGATIVO,1,8.4076739,-75.5840456
93,94,PD 4,CAT24,FELINO,M,12,1,PLANETA RICA,CRA.4 N11-58 ,GONZALO MEJIA,GONZALO MEJIA,NEGATIVO,1,8.4076739,-75.5840456
94,95,PD 5,GATO BEBE,FELINO,M,13,2,PLANETA RICA,CRA 9 N20-57,NR,NR,NEGATIVO,1,8.4076739,-75.5840456
95,96,PD 6,TEDY,CANINO,M,8,1,PLANETA RICA,CLL 28 N12A-36 ,LAS AMERICAS,LAS AMERICAS,NEGATIVO,1,8.4076739,-75.5840456
96,97,PD 7,TONY,FELINO,M,6,1,PLANETA RICA,MZ 1  LT 5 ,PRIMERO PLANETA,PRIMERO PLANETA,NEGATIVO,1,8.4076739,-75.5840456
97,98,PD 8,RAMON,FELINO,M,3,1,PLANETA RICA,CRA 26 N8,NR,NR,NEGATIVO,1,8.4076739,-75.5840456
98,99,PD 9,HIGO,FELINO,H,24,2,PLANETA RICA,NR,VEREDA EL REPARO,VEREDA EL REPARO,NEGATIVO,1,8.4076739,-75.5840456
99,100,PD 10,MISSI,FELINO,H ,120,5,PLANETA RICA,NR,VEREDA EL REPARO,VEREDA EL REPARO,NEGATIVO,1,8.4076739,-75.5840456
100,101,PD 11,NEMESIA,FELINO,H,2,1,PLANETA RICA,CRA 5 N18-42,NR,NR,NEGATIVO,1,8.4076739,-75.5840456
101,102,PD 12,CHIMUELO,FELINO,M,36,2,PLANETA RICA,CLL 20 N5-85,NR,PLANETA RICA,NEGATIVO,1,8.4076739,-75.5840456
102,103,PD 13,KOBE,FELINO,M,5,1,PLANETA RICA,CLL 7 N7A-41,NR,PLANETA RICA,NEGATIVO,1,8.4076739,-75.5840456
103,104,PD 14,LA BLANCA,FELINO,H,36,2,PLANETA RICA,NR,PRADO,PLANETA RICA,NEGATIVO,1,8.4076739,-75.5840456
104,105,PD 15,PEPITA ,FELINO,H,2,1,PLANETA RICA,CRA. 9 N16-47,NR,PLANETA RICA,NEGATIVO,1,8.4076739,-75.5840456
105,106,PD 16,CHAO,FELINO,M,7,1,PLANETA RICA,CLL 11   CRA 10,NR,PLANETA RICA,NEGATIVO,1,8.4076739,-75.5840456
106,107,PD 17,WILLY,FELINO,M,12,1,PLANETA RICA,CLL  20 N14-45,NR,PLANETA RICA,NEGATIVO,1,8.4076739,-75.5840456
107,108,PD 18,MISSI,FELINO,H,7,1,PLANETA RICA,CRA 16 N23-66 ,NR,PLANETA RICA,NEGATIVO,1,8.4076739,-75.5840456
108,109,PD 19,JUACO,FELINO,M,12,1,PLANETA RICA,CLL12 N10-45,NR,PLANETA RICA,NEGATIVO,1,8.4076739,-75.5840456
109,110,PD 20,SILVESTRE,FELINO,H ,2,1,PLANETA RICA,CLL 26 CRA 12A,NR,PLANETA RICA,NEGATIVO,1,8.4076739,-75.5840456
110,111,PD 21,TITO,FELINO,H,2,1,PLANETA RICA,CLL18 CRA9 ,LA CRUZ,PLANETA RICA,NEGATIVO,1,8.4076739,-75.5840456
111,112,PD 22,ESTRELLITA ,FELINO,H,8,1,PLANETA RICA,MZ 1   LT 4,PORVENIR,PLANETA RICA,NEGATIVO,1,8.4076739,-75.5840456
112,113,PD 23,JACOBO,FELINO,M,3,1,PLANETA RICA,NR,PRADO,PLANETA RICA,NEGATIVO,1,8.4076739,-75.5840456
113,114,PD 24,LOLA ,FELINO,H,5,1,PLANETA RICA,NR,BOLIVAR,SAN ANTERO,NEGATIVO,1,8.4076739,-75.5840456
114,115,PD 25,LUNA,FELINO,H,36,2,PLANETA RICA,CLL 12 N10-45,NR,SAN ANTERO,NEGATIVO,1,8.4076739,-75.5840456
115,116,PD 26,RODOLFO,FELINO,M,12,1,PLANETA RICA,NR,SAN MARTIN,SAN ANTERO,NEGATIVO,1,8.4076739,-75.5840456
116,117,PD 27,GOLOSA,FELINO,H,24,2,PLANETA RICA,NR,SAN MARTIN,SAN ANTERO,NEGATIVO,1,8.4076739,-75.5840456
117,118,PD 28,SUSHI,FELINO,H,6,1,PLANETA RICA,NR,SAN MARTIN,SAN ANTERO,NEGATIVO,1,8.4076739,-75.5840456
118,119,PD 29,CHELO,FELINO,M,24,2,PLANETA RICA,NR,SAN MARTIN,SAN ANTERO,NEGATIVO,1,8.4076739,-75.5840456
119,120,PD 30,RUFINO,FELINO,M,36,2,PLANETA RICA,NR,SAN MARTIN,SAN ANTERO,NEGATIVO,1,8.4076739,-75.5840456
120,121,PD 31,TOMY,FELINO,M,12,1,PLANETA RICA,NR,SAN MARTIN,SAN ANTERO,NEGATIVO,1,8.4076739,-75.5840456
121,122,PD 32,GATO 07,FELINO,H,24,2,PLANETA RICA,NR,SAN MARTIN,SAN ANTERO,NEGATIVO,1,8.4076739,-75.5840456
122,123,PD 33,PEPE,FELINO,M,72,3,PLANETA RICA,NR,SAN MARTIN,SAN ANTERO,NEGATIVO,1,8.4076739,-75.5840456
123,124,PD 34,JUANCHO,FELINO,M,24,2,PLANETA RICA,NR,SAN MARTIN,SAN ANTERO,NEGATIVO,1,8.4076739,-75.5840456
124,125,PD 35,MAX,FELINO,M,6,1,PLANETA RICA,NR,SAN MARTIN,SAN MARTIN,NEGATIVO,1,8.4076739,-75.5840456
125,126,PD 36,PRINCESA,FELINO,H,6,1,PLANETA RICA,NR,SAN MARTIN,SAN MARTIN,NEGATIVO,1,8.4076739,-75.5840456
126,127,PD 37,MICHI,FELINO,M,24,2,PLANETA RICA,NR,SAN MARTIN,SAN MARTIN,NEGATIVO,1,8.4076739,-75.5840456
127,128,PD 38,TOM,FELINO,M ,8,1,PLANETA RICA,NR,SAN MARTIN,SAN MARTIN,NEGATIVO,1,8.4076739,-75.5840456
128,129,PD 39,DON GATO,FELINO,M,24,2,PLANETA RICA,NR,SAN MARTIN,SAN MARTIN,NEGATIVO,1,8.4076739,-75.5840456
129,192,DO 1,TALA,CANINO,H,24,2,MONTERIA,CLL 40 N 4-38,NARIÑO,COMUNA 5,NEGATIVO,1,8.7558921,-75.887029
130,193,DO 2,PEPA,FELINO,H,60,3,MONTERIA,CLL 22 N 7A-40,EL CENTRO,COMUNA 5,NEGATIVO,1,8.7558921,-75.887029
131,194,DO3,MIGUEL,FELINO,M,96,4,MONTERIA,CLL 22 N 7A-40,EL CENTRO,COMUNA 5,NEGATIVO,1,8.7558921,-75.887029
132,195,DO4,LUPITA,FELINO,H,NR,0,MONTERIA,CLL 22 N 7-10,EL CENTRO,COMUNA 5,NEGATIVO,1,8.7558921,-75.887029
133,196,DO5,PINGÜINO,FELINO,M,NR,0,MONTERIA,CLL 22 N 7-10,EL CENTRO,COMUNA 5,NEGATIVO,1,8.7558921,-75.887029
134,197,DO6,SASHA,FELINO,H,NR,0,MONTERIA,CLL 22 N 7-10,EL CENTRO,COMUNA 5,NEGATIVO,1,8.7558921,-75.887029
135,198,DO7,PELUSA,FELINO,H,NR,0,MONTERIA,CLL 22 N 7-10,EL CENTRO,COMUNA 5,NEGATIVO,1,8.7558921,-75.887029
136,199,DO8,GARFIELD,FELINO,M,NR,0,MONTERIA,CLL 22 N 7-10,EL CENTRO,COMUNA 5,NEGATIVO,1,8.7558921,-75.887029
137,200,DO9,AZU,FELINO,H,60,3,MONTERIA,CLL 23 N 18-03,PASATIEMPO,COMUNA 5,NEGATIVO,1,8.7558921,-75.887029
138,201,DO10,DOÑA CLEO,FELINO,H,12,1,MONTERIA,CLL 44 N 9-08,NARIÑO,COMUNA 5,NEGATIVO,1,8.7558921,-75.887029
139,202,DO11,CANDELARIA,FELINO,H,12,1,MONTERIA,CLL 66 N 2-178,LA CASTELLANA,COMUNA 8,NEGATIVO,1,8.7558921,-75.887029
140,203,DO12,PAQUITA,FELINO,H,72,3,MONTERIA,CLL 66 N 2-178,LA CASTELLANA,COMUNA 8,NEGATIVO,1,8.7558921,-75.887029
141,204,DO13,NIKI,CANINO,H,156,5,MONTERIA,CRA 8 B N 21-29,COLON,COMUNA 5,NEGATIVO,1,8.7558921,-75.887029
142,205,DO14,MONO,FELINO,M,84,4,MONTERIA,CLL 20 N 29-40,CANTACLARO,COMUNA 6,POSITIVO,1,8.7558921,-75.887029
143,206,DO15,BRENDA INES,FELINO,M,60,3,MONTERIA,CLL 20 N 29-40,CANTACLARO,COMUNA 6,NEGATIVO,1,8.7558921,-75.887029
144,207,DO16,RITA,CANINO,H,12,1,MONTERIA,CLL 20 N 29-40,CANTACLARO,COMUNA 6,NEGATIVO,1,8.7558921,-75.887029
145,208,DO17,LA NEGRA,FELINO,H,12,1,MONTERIA,MZ 43 LT 8,CANTACLARO,COMUNA 6,NEGATIVO,1,8.7558921,-75.887029
146,209,DO18,LA MANCHI,FELINO,H,12,1,MONTERIA,MZ 43 LT 8,CANTACLARO,COMUNA 6,NEGATIVO,1,8.7558921,-75.887029
147,210,DO19,MAMA,FELINO,H,NR,0,MONTERIA,MZ 43 LT 8,CANTACLARO,COMUNA 6,NEGATIVO,1,8.7558921,-75.887029
148,211,DO20,LA GORDI,FELINO,H,NR,0,MONTERIA,MZ 43 LT 8,CANTACLARO,COMUNA 6,NEGATIVO,1,8.7558921,-75.887029
149,212,DO21,EL MONO,FELINO,M,12,1,MONTERIA,MZ 43 LT 8,CANTACLARO,COMUNA 6,NEGATIVO,1,8.7558921,-75.887029
150,213,DO22,ÑOQUI,FELINO,H,8,1,MONTERIA,MZ 43 LT 8,CANTACLARO,COMUNA 6,NEGATIVO,1,8.7558921,-75.887029
151,214,DO23,TATAN,FELINO,H,12,1,MONTERIA,MZ 46 LT 30,CANTACLARO,COMUNA 6,NEGATIVO,1,8.7558921,-75.887029
152,215,DO24,CATALINA,FELINO,H,96,4,MONTERIA,MZ 46 LT 29,CANTACLARO,COMUNA 6,NEGATIVO,1,8.7558921,-75.887029
153,216,DO25,PIN PON,CANINO,M,60,3,MONTERIA,MZ 47 LT 2,CANTACLARO,COMUNA 6,NEGATIVO,1,8.7558921,-75.887029
154,217,DO26,SAKI,CANINO,H,36,2,MONTERIA,MZ 47 LT 2,CANTACLARO,COMUNA 6,NEGATIVO,1,8.7558921,-75.887029
155,218,DO27,RIKI,CANINO,M,24,2,MONTERIA,MZ 47 LT 2,CANTACLARO,COMUNA 6,NEGATIVO,1,8.7558921,-75.887029
156,219,DO28,TONI,CANINO,M,60,3,MONTERIA,MZ 45 LT 15,CANTACLARO,COMUNA 6,NEGATIVO,1,8.7558921,-75.887029
157,220,DO29,MILU,CANINO,H,36,2,MONTERIA,MZ 47 LT 1,CANTACLARO,COMUNA 6,NEGATIVO,1,8.7558921,-75.887029
158,221,DO30,TEQUILA,CANINO,H,8,1,MONTERIA,MZ 47 LT 1,CANTACLARO,COMUNA 6,NEGATIVO,1,8.7558921,-75.887029
159,222,DO31,NEGRO ,FELINO,M,24,2,MONTERIA,MZ 45 LT 21,CANTACLARO,COMUNA 6,NEGATIVO,1,8.7558921,-75.887029
160,223,DO32,MICHI,FELINO,M,NR,0,MONTERIA,NR,CANTACLARO,COMUNA 6,NEGATIVO,1,8.7558921,-75.887029
161,224,DO33,HALLY,FELINO,H,12,1,MONTERIA,NR,NR,MONTERIA,NEGATIVO,1,8.7558921,-75.887029
162,225,DO34,MERO,FELINO,M,12,1,MONTERIA,NR,NR,MONTERIA,NEGATIVO,1,8.7558921,-75.887029
163,226,DO35,ISABEL,FELINO,H,24,2,MONTERIA,MZ N LT 6,VILLA FATIMA,MONTERIA,NEGATIVO,1,8.7558921,-75.887029
164,227,DO36,MACHORRO,FELINO,M,24,2,MONTERIA,MZ 48 N L 11-ET 11 ,LA PRADERA,MONTERIA,NEGATIVO,1,8.7558921,-75.887029
165,228,DO37,TOMMY,FELINO,M,12,1,MONTERIA,CRA 24 F N 559,LAS AMERICAS,MONTERIA,NEGATIVO,1,8.7558921,-75.887029
166,229,DO38,PUKEY,FELINO,M,36,2,MONTERIA,DG 17 N 30-25,EDMUNDO LOPEZ,MONTERIA,NEGATIVO,1,8.7558921,-75.887029
167,230,DO39,KENIA,FELINO,H,6,1,MONTERIA,MANDALA II,PORVENIR,MONTERIA,NEGATIVO,1,8.7558921,-75.887029
168,231,DO40,WAFFLES,FELINO,M,12,1,MONTERIA,MZ 78 N L 16,CANTACLARO,MONTERIA,NEGATIVO,1,8.7558921,-75.887029
169,232,DO41,NEGRA,FELINO,H,48,3,MONTERIA,DG 14 N 3-63,LA GRANJA,MONTERIA,NEGATIVO,1,8.7558921,-75.887029
170,233,DO42,LUNA,CANINO,H,24,2,MONTERIA,CRA 13 W N 18A-05,URBANIZACIÓN VALLEJO,MONTERIA,NEGATIVO,1,8.7558921,-75.887029
171,234,DO43,RABINO,FELINO,M,8,1,MONTERIA,NR,EL CENTRO,COMUNA 5,NEGATIVO,1,8.7558921,-75.887029
172,235,DO44,CRISPIN,FELINO,M,16,2,MONTERIA,NR,NR,MONTERIA,NEGATIVO,1,8.7558921,-75.887029
173,236,DO45,KIANO,FELINO,M,7,1,MONTERIA,CLL 25 A N 7A-3W,LA JULIA,COMUNA 5,NEGATIVO,1,8.7558921,-75.887029
174,237,DO46,BATMAN,FELINO,M,2,1,MONTERIA,CLL 25 N 11-23,CHUCHURUBI,COMUNA 5,NEGATIVO,1,8.7558921,-75.887029
175,238,DO47,TOM,FELINO,M,60,3,MONTERIA,CRA 18 N 4-52,6 DE MARZO,COMUNA 4,NEGATIVO,1,8.7558921,-75.887029
176,239,DO48,SIMON ,FELINO,M,7,1,MONTERIA,CRA 10 N 23-88,EL CENTRO,COMUNA 5,NEGATIVO,1,8.7558921,-75.887029
177,240,DO49,MANCHI,FELINO,H,14,2,MONTERIA,MZ 18 LT 18,LA PALMA,COMUNA 1,NEGATIVO,1,8.7558921,-75.887029
178,241,DO50,MIMI,FELINO,H,2,1,MONTERIA,DG 11 TRV 15 N 11-25,EDMUNDO LOPEZ,COMUNA 6,NEGATIVO,1,8.7558921,-75.887029
179,242,DO51,SHASHI,FELINO,H,7,1,MONTERIA,TRV 9A N 1A-22,GALILEA,COMUNA 4 ,NEGATIVO,1,8.7558921,-75.887029
180,243,DO52,PRINCESA,FELINO,H,4,1,MONTERIA,TRV 9A ,GALILEA,COMUNA 4 ,NEGATIVO,1,8.7558921,-75.887029
181,244,DO53,ALASKA,FELINO,H,NR,0,MONTERIA,CLL 30 N 25-99,URBANIZACIÓN PORTAL NAVARRA,COMUNA 1,NEGATIVO,1,8.7558921,-75.887029
182,245,DO54,ANUBYS,FELINO,H,24,2,MONTERIA,CLL 26 N 10-20,EL CENTRO,COMUNA 5,NEGATIVO,1,8.7558921,-75.887029
183,246,DO55,OMER,FELINO,M,4,1,MONTERIA,CRA 6W N 24-46,VILLA REAL,COMUNA 6,NEGATIVO,1,8.7558921,-75.887029
184,247,DO56,CANDY,FELINO,H,12,1,MONTERIA,CRA 6W N 24-46,VILLA REAL,COMUNA 6,NEGATIVO,1,8.7558921,-75.887029
185,248,DO57,MISHA,FELINO,H,2,1,MONTERIA,CLL 78 N 6-1480,LA CASTELLANA,COMUNA 8,NEGATIVO,1,8.7558921,-75.887029
186,249,DO58,LOKY,FELINO,M,4,1,MONTERIA,CRA 17 N 8-26,6 DE MARZO,COMUNA 4,NEGATIVO,1,8.7558921,-75.887029
187,250,DO59,HOMERO,FELINO,M,4,1,MONTERIA,MZ 59 LT 15,LA PRADERA,COMUNA 6,NEGATIVO,1,8.7558921,-75.887029
188,252,DO61,BIMBI,FELINO,H,2,1,MONTERIA,CRA 12 N 13-35,P-5,COMUNA 4,NEGATIVO,1,8.7558921,-75.887029
189,253,DO62,ARES,FELINO,M,7,1,MONTERIA,MZ 13 LT 4,LOS NOGALES,COMUNA 4,NEGATIVO,1,8.7558921,-75.887029
190,254,DO63,REBELDE,FELINO,M,12,1,MONTERIA,CRA 13 N 22B-01,LA JULIA,COMUNA 5,NEGATIVO,1,8.7558921,-75.887029
191,255,DO64,PRINCESO,FELINO,M,180,5,MONTERIA,CRA 13 N 22B-01,LA JULIA,COMUNA 5,NEGATIVO,1,8.7558921,-75.887029
192,256,DO65,PRINCESA,FELINO,H,12,1,MONTERIA,MZ F LT 1,URBANIZACIÓN CUNDAMA,COMUNA 5,NEGATIVO,1,8.7558921,-75.887029
193,257,DO66,GATOBERTO,FELINO,M,12,1,MONTERIA,NR,COSTA DE ORO,COMUNA 5,NEGATIVO,1,8.7558921,-75.887029
194,258,DO67,LUCERO,FELINO,H,6,1,MONTERIA,CLL 17A N 9-276,LA JULIA,COMUNA 5,NEGATIVO,1,8.7558921,-75.887029
195,259,DO68,MISHI,FELINO,H,8,1,MONTERIA,CLL 10 TRV 9,LA GRANJA,COMUNA 3,NEGATIVO,1,8.7558921,-75.887029
196,260,DO69,NINA,FELINO,H,8,1,MONTERIA,CLL 10 TRV 9,LA GRANJA,COMUNA 3,NEGATIVO,1,8.7558921,-75.887029
197,261,DO70,CHEPE,FELINO,M,8,1,MONTERIA,TRV 16 N 10-34,EDMUNDO LOPEZ,COMUNA 6,NEGATIVO,1,8.7558921,-75.887029
198,262,DO71,KIRARA,FELINO,H,8,1,MONTERIA,MZ 4 LT 9,LA RIBERA,COMUNA 1,NEGATIVO,1,8.7558921,-75.887029
199,263,DO72,TOBITA,FELINO,H,48,3,MONTERIA,CLL 63 N 8A-46 APTO 101,LA CASTELLANA,COMUNA 8,NEGATIVO,1,8.7558921,-75.887029
200,264,DO73,LA GORDA,FELINO,H,36,2,MONTERIA,NR,NR,MONTERIA,NEGATIVO,1,8.7558921,-75.887029
201,265,DO74,FIONA,FELINO,H,12,1,MONTERIA,MZ P LT 20,PANZENU,COMUNA 2,NEGATIVO,1,8.7558921,-75.887029
202,266,DO75,SORAYDA,FELINO,H,8,1,MONTERIA,MZ  LT 2,VILLA ROCIO,COMUNA 6,NEGATIVO,1,8.7558921,-75.887029
203,267,DO76,ARCHIES,FELINO,M,12,1,MONTERIA,CRA 16A N 3-8,LA FLORESTA,COMUNA 8,NEGATIVO,1,8.7558921,-75.887029
204,268,DO77,SALEM ,FELINO,M,12,1,MONTERIA,CRA 16A N 3-8,LA FLORESTA,COMUNA 8,NEGATIVO,1,8.7558921,-75.887029
205,269,DO78,TINO,FELINO,M,48,3,MONTERIA,CLL 32 N 16,EL EDEN,COMUNA 8,NEGATIVO,1,8.7558921,-75.887029
206,270,DO79,LALO,FELINO,M,24,2,MONTERIA,MZ 26 LT 24,LA PRADERA,COMUNA 6,NEGATIVO,1,8.7558921,-75.887029
207,271,DO80,TONY,FELINO,M,7,1,MONTERIA,TRV 13 N 5-71,P-5,COMUNA 4,NEGATIVO,1,8.7558921,-75.887029
208,272,DO81,BRUNO,FELINO,M,12,1,MONTERIA,TRV 13 N 5-71,P-5,COMUNA 4,NEGATIVO,1,8.7558921,-75.887029
209,273,DO82,YOGA,FELINO,M,3,1,MONTERIA,CRA 12A N 21-51,LA JULIA,COMUNA 5,POSITIVO,1,8.7558921,-75.887029
210,274,DO83,TITICA,FELINO,H,1,1,MONTERIA,DG 16 N 2-85,LA GRANJA,COMUNA 3,NEGATIVO,1,8.7558921,-75.887029
211,275,DO84,LUNA,FELINO,H,8,1,MONTERIA,CRA 15D N 38-58,LA FLORESTA,COMUNA 8,NEGATIVO,1,8.7558921,-75.887029
212,276,DO85,SHUGA,FELINO,H,36,2,MONTERIA,L H LT 1,URBANIZACIÓN CUNDAMA,COMUNA 5,NEGATIVO,1,8.7558921,-75.887029
